{
  "method": "Adjacent-sentence cosine cohesion via sentence-transformers all-MiniLM-L6-v2",
  "files": {
    "dilexit-nos-en.txt": {
      "n_sentences": 1011,
      "n_pairs": 1010,
      "mean": 0.39808913960149234,
      "median": 0.405117467045784,
      "std": 0.14426956548632436,
      "min": -0.04161678999662399,
      "max": 0.8030591011047363,
      "q10": 0.2052146315574646,
      "q25": 0.30600691586732864,
      "q75": 0.49566250294446945,
      "q90": 0.5824384212493896
    },
    "fratelli-tutti-en.txt": {
      "n_sentences": 1565,
      "n_pairs": 1564,
      "mean": 0.33610234456255916,
      "median": 0.32586315274238586,
      "std": 0.14524017584552376,
      "min": -0.09606016427278519,
      "max": 0.8194002509117126,
      "q10": 0.14475835114717484,
      "q25": 0.23646722361445427,
      "q75": 0.43300607800483704,
      "q90": 0.5304246246814728
    },
    "laudate-deum-en.txt": {
      "n_sentences": 279,
      "n_pairs": 278,
      "mean": 0.33686674656949456,
      "median": 0.33572858572006226,
      "std": 0.14269643384294373,
      "min": 0.02598780207335949,
      "max": 0.7313705682754517,
      "q10": 0.14135973751544953,
      "q25": 0.23971343412995338,
      "q75": 0.4358152896165848,
      "q90": 0.5250669836997987
    },
    "laudato-si-en.txt": {
      "n_sentences": 1488,
      "n_pairs": 1487,
      "mean": 0.35255206619698126,
      "median": 0.35669222474098206,
      "std": 0.13692048222439113,
      "min": -0.04725697636604309,
      "max": 0.7969970703125,
      "q10": 0.16962752640247344,
      "q25": 0.2594653218984604,
      "q75": 0.4484337568283081,
      "q90": 0.5272826313972473
    },
    "lumen-fidei-en.txt": {
      "n_sentences": 726,
      "n_pairs": 725,
      "mean": 0.4330438360058028,
      "median": 0.43736207485198975,
      "std": 0.13701803593257408,
      "min": 0.025433778762817383,
      "max": 0.8298724889755249,
      "q10": 0.2557317852973938,
      "q25": 0.3406081795692444,
      "q75": 0.5262961387634277,
      "q90": 0.613931155204773
    },
    "magnifica-humanitas-en.txt": {
      "n_sentences": 1260,
      "n_pairs": 1259,
      "mean": 0.35827624086050924,
      "median": 0.3559286892414093,
      "std": 0.13639747994876245,
      "min": -0.004991241730749607,
      "max": 0.8141061663627625,
      "q10": 0.1865460574626923,
      "q25": 0.26175615191459656,
      "q75": 0.4470622390508652,
      "q90": 0.5343410968780518
    }
  },
  "baseline_aggregate": {
    "mean_of_means": 0.371330826587266,
    "sd_of_means": 0.04273746437814222,
    "mean_of_stds": 0.14122893866635142,
    "sd_of_stds": 0.003993227892471124,
    "baseline_files": [
      "dilexit-nos-en.txt",
      "fratelli-tutti-en.txt",
      "laudate-deum-en.txt",
      "laudato-si-en.txt",
      "lumen-fidei-en.txt"
    ]
  },
  "magnifica_vs_baseline": {
    "z_mean_cohesion": -0.30545999667292967,
    "z_std_cohesion": -1.2099130947918741,
    "interpretation": "Higher mean = more semantic smoothing; lower std = less topical variance"
  }
}